Week,AXP,GE,HD,IBM
1.0,-0.0006448146381393994,-0.01071226272279059,-0.01763173311340387,0.004575818026112418
2.0,-0.028238453043560287,-0.04195280250319496,0.013920447509910658,-0.01759795221658341
3.0,-0.05034506032958555,-0.018472397635441572,-0.007368101847148423,-0.013225762219261916
4.0,-0.022581225275599873,0.03660974561256029,0.012028784654775986,-0.008305695587278743
5.0,-0.040911209871301736,-0.024396496306405446,-0.008481491735119147,-0.01675601227841024
6.0,0.052030321353363426,0.02643689693268108,0.04253170067227052,0.0221944594137356
7.0,-0.08477883978362699,0.02456334489169934,0.025803794615468265,0.0232099217961294
8.0,0.02203457515756659,0.002383791355273609,0.003123468694406474,0.020181510085378888
9.0,0.021682073437498808,0.030867854136021035,0.022902436759934548,-0.010502814353831566
10.0,-0.01593708448799246,-0.02217558289208877,-0.003314727389523967,-0.02184719562686473
11.0,0.003604951383703866,-0.015061719529409488,0.003401808854286748,-0.026473826939620748
12.0,0.025845029693223838,0.014274627792590863,0.02289847833134882,0.0536163133730061
13.0,-0.05902372739028316,-0.02189142148185174,-0.03190794229041498,-0.014226136571764207
14.0,0.022223009923361292,0.004016069654889304,0.006568311918537993,-0.001184354197968928
15.0,-0.0014047917123857336,0.1337317733485657,0.005918207003991569,0.01559534052149454
16.0,-0.028156519567970006,-0.04628628886042769,-0.027447183919739652,-0.012481625214686093
17.0,0.007851253407223233,-0.01517142883213652,0.013905719844426897,0.05421447282036295
18.0,-0.003853569315991052,0.017372456866713716,-0.03745957685334471,0.021557581510316448
19.0,0.01646600480272558,0.002561758034103693,0.02640387675066553,-0.004332386986095938
20.0,0.01532693320250532,-0.002561758034102448,0.00788417070652606,0.0028903424942849547
21.0,0.01275954133334933,0.014189796029220905,-0.010110054187981605,-0.005614902888150027
22.0,-0.019640158958684335,-0.014556297774206077,-0.007335871151862952,-0.014736247019473096
23.0,-0.0033951620164752,0.0007328692156510774,-0.009110242055923588,-0.013880873011112732
24.0,0.0018876240425227033,0.003656311203107487,0.001901055205227091,-0.0021527246249275073
25.0,0.007889340275315997,-0.006223706708356805,0.017659909450824015,-0.000958256047452196
26.0,-0.003123245714563132,-0.0047855788000105036,0.0004441878099078443,-0.00836371793819021
27.0,-0.02169255021409156,-0.012625492625627559,-0.0100871196736475,-0.003207555629282836
28.0,-0.011639628532827543,-0.018290318497010967,0.014606600980683036,0.012050516373031022
29.0,0.02428234322700476,0.034966636032141354,0.012040396808309789,0.03269901621877638
30.0,-0.042559614418793267,-0.05514992568540922,-0.007717305687053779,-0.07677789074016106
31.0,0.002500165786846695,0.014266677298481637,0.030176572248248927,0.01324357964410798
32.0,0.0462372960715797,-0.012714484514977139,-0.0012821062485372033,-0.04277984974919288
33.0,0.015430437247601982,0.011181917165196467,0.02391629604797981,0.003988939214445109
34.0,-0.04809227356170097,-0.0580158726554865,-0.030351600765641654,-0.04726634824022253
35.0,-0.007156363896758913,0.021705032142784533,0.011298588054097601,-0.0044528477299387555
36.0,-0.033055375620582986,-0.04722081969414721,-0.02569106815423212,-0.028323511703374576
37.0,0.018587150071783215,0.0400380274400781,0.0077421986487492276,0.02439396735154415
38.0,0.006865619785980373,-0.006025324515221045,-0.0017346058122081273,-0.018637058786812044
39.0,-0.012045946174539074,0.0052240424210645555,0.014135729257749828,0.005380065398197348
40.0,-0.009231452272745693,0.021412396190497576,0.007673326080574904,-0.0057259305833982175
41.0,0.038367371493336876,0.095702413580681,0.030035302463666036,0.05282111519002542
42.0,-0.0018125328628750097,0.032275631653333144,0.011554190897169098,-0.013411491610325997
43.0,-0.03413840571883503,0.018464925332809794,0.015601949395934003,-0.03851062279303972
44.0,-0.01799412685349867,-0.020230370408732642,-0.008457902125754195,-0.032098833298537924
45.0,0.014501846608405755,0.03503050601534121,0.017878377350196872,-0.01307583828953743
46.0,-0.042746836511550826,0.010297383798752124,-0.04709910375762846,-0.048450331840875674
47.0,0.016711153406697453,0.014110160271435811,0.08108011195077106,0.05032880938191178
48.0,-0.004290367109826828,-0.011799546931154016,0.03457208974360049,-0.0012278359131673872
49.0,-0.014107364349511035,0.00493340911795441,-0.0021539726826131124,0.014564234910417681
50.0,-0.031871222031011684,-0.007244022458235461,-0.03034653155780015,-0.04255961441879574
51.0,-0.014334017544352755,0.0016509827095026793,-0.0014573348696230656,0.0029684622910992886
52.0,0.026602339132279645,0.016036998909817263,0.02336625803450757,0.022349345693192482
53.0,-0.09125872225360586,-0.07971808504448424,-0.07422334035145245,-0.047638653499351494
54.0,-0.011379923662765452,0.0015810279973187888,-0.03836177024600233,-0.011926746881528852
55.0,-0.13400837808550972,-0.008638220307317184,0.02980483095645503,-0.05925077747881126
56.0,-0.028015101594467715,0.028279070672877014,0.022591413199335428,0.01739314971098846
57.0,0.008931953687896715,-0.017887079309249834,-0.07557313795194828,0.030487276703402677
58.0,-0.02513732057279658,-0.009684026732289876,-0.0011171745243065134,-0.060279484961385243
59.0,0.03838742241087371,0.02619322087693183,0.0451394022747408,0.09483685680513489
60.0,0.01217422140693942,0.013013882297512129,0.03703081114012067,-0.007997628262981489
61.0,0.05122105049212905,0.03543151372507847,-0.005559540965724658,0.04292568128689087
62.0,0.019876641809787782,-0.00427843338173443,0.022600276851212565,0.032169282933390275
63.0,0.029828226288042797,0.01894862312952552,0.02240537193786255,0.03334390819690393
64.0,-0.01248578730601208,0.0066123940632838935,-0.006722714394878493,0.005693000804585423
65.0,0.010361082739438839,0.026177428759706307,0.03331882788559426,0.030286184474919257
66.0,-0.026862832306679657,-0.03635604479028036,-0.009235876764989475,-0.020936235755896544
67.0,0.04341359141331459,0.007764516523879832,0.010051084132179831,0.015677217587230084
68.0,0.05920366916030598,-0.009064484207759288,0.004877337484204939,-0.021384420777843152
69.0,-0.0074598808307164595,0.0003251503849166547,-0.012835432363777054,-0.017388198742728903
70.0,-0.014313441750341894,-0.02069379149523279,0.012872291249534987,0.008935634640447034
71.0,-0.006063922802796792,-0.016565257902407853,-0.018713691818143613,0.0029834575967654167
72.0,-0.0034369663578639915,-0.0028723513876961915,-0.009887992402678139,-0.00305136700563971
73.0,0.025188691667913744,0.018607527064304217,0.015804061629152547,0.03699805420072299
74.0,-0.0006105938214443357,-0.0051619463549510865,-0.016638817890867484,0.0005888318401001931
75.0,-0.007971834337521654,0.003000502334477579,-0.02218475170473151,-0.003406935091259061
76.0,-0.049213526053941324,0.019123563333603037,-0.012890299964170798,-0.002957706977233984
77.0,-0.029867661574744766,-0.026138791702879957,-0.006785035891872574,-0.03530527108056933
78.0,0.011099260801699193,0.05447294730493128,0.02540290569333371,0.03780346447765494
79.0,0.012605552853464895,0.021978906718774754,0.035854827888471975,0.01388865933379278
80.0,0.03689041066299166,0.020289660058759797,0.0032708920033238213,0.034056949818984314
81.0,0.007497692105800747,-0.02495892924244231,0.01305087648237091,0.014229854598602293
82.0,0.0029523756974826924,-0.028804016960825362,0.01288274303853635,-0.008924140082824984
83.0,0.016542019824274307,0.004166005063898437,-0.01017598546948566,0.01777056697681822
84.0,-0.0022153479134047844,-0.0011199105242175995,-0.002544877770672062,-0.009648254288525879
85.0,0.002291651755342184,0.0004801152368757106,-0.0078833580265057,-0.011802112268931787
86.0,-0.011202449693176398,-0.0003200512109257372,-0.007855965697708689,-0.010616011004383823
87.0,0.006000479578218564,0.0012795907056261451,0.005638833757036937,0.007549579739603135
88.0,-0.0010743612421630216,-0.03745756253490067,-0.05638403276227435,-0.02461897067649547
89.0,-0.0229895182246986,-0.015047934843029966,-0.012920687116030737,-0.011825280767233303
90.0,0.0036858450542848562,0.007385062097463604,0.013311999975649875,0.007447497428437499
91.0,0.0025798396046454314,-0.009577490667713311,0.006939869562140152,0.024599762006564857
92.0,-0.036413912620427154,-0.018230337063609624,-0.0028792673873667823,-0.020093510013940063
93.0,-0.025753904306185488,-0.0069013386406918805,-0.01491744707405076,-0.007866947975423796
94.0,0.11300816677650632,0.0034566228679104158,0.001422812665923525,-0.03176749324621542
95.0,-0.013747975051960147,0.008589642230617972,-0.024062874108428185,0.019325551812216624
96.0,-0.014397460182660898,-0.027047418550812427,-0.021840465690385037,-0.0006556947320336897
97.0,0.07355174098716209,0.07546281592671322,0.07117375329507485,0.05636371857103434
98.0,0.00706616846305385,-9.280770596475918e-16,-0.011775779088133077,-0.005844697356857205
99.0,0.025719079386413775,0.023833656328419054,0.023033795752707448,0.019391702563000563
100.0,-0.013959179055382156,-0.0019114373452672857,-0.011412064265591555,-0.02126424539840952
101.0,0.039702370062326936,0.013618579440503157,0.026978345028979608,0.03956667738787194
102.0,0.003205130948948371,-0.0012590495840105811,0.01325805208815362,0.0012603152455944715
103.0,-0.0005334756061452003,0.003772403090540815,-0.0011104942840288851,-5.997900736439679e-05
104.0,-0.011674067501600776,-0.007559091111688233,-0.006390747766839083,-0.004147263645307435
157.0,0.03339685263429307,0.06356402060231259,0.014479555802547898,0.06380792193991378
105.0,0.0026511150204154713,-0.0018957351648986312,-0.005676316682615099,0.013955510197124979
106.0,0.014326327698001927,-0.008416087786342136,0.01109839703642449,-0.013716332965658027
107.0,-0.005758424497395093,-0.026991537578727222,0.004360848035789332,0.019654906937581935
108.0,0.00862524949968649,-0.01701817197477927,0.019789612196493583,0.03892078632866651
109.0,0.015237898144064111,-0.01089061614229852,-0.0027514317553308312,-0.00900575314327919
110.0,0.005495572652735982,0.0013468015503780711,0.013968115360335716,0.016309156393064426
111.0,0.015680645014761803,0.021305732677868176,0.02157313921797968,0.011160550571265599
112.0,0.000250909548423924,-0.005946499187725345,0.0206378515900998,0.0036191383970338034
113.0,0.0017546062904809923,-0.0023221108460607775,0.012871768276698344,-0.007362539831915134
114.0,-0.005902685898053917,0.005960282545502734,-0.0061087544883186885,-0.01201769585023217
115.0,-0.0018911939066734561,-0.013962992811126231,0.018215439891342035,-0.012334659043734073
116.0,-0.013467361465539882,-0.004697995218011897,-0.012174355847978163,-0.010415568578387806
117.0,0.01144613793760571,0.0020161297151839812,-0.006517777164173494,0.002298455301360713
118.0,-0.01657566957481557,0.0066912260357266514,0.0022452807527486678,-0.012010075650283282
119.0,-0.025917970903662067,-0.014441896680916921,-0.008257459824463043,-0.015041397908676674
120.0,0.04904773502640121,-1.960237527853792e-15,0.027574903861144806,-0.0556540964434454
121.0,-0.004154346001269231,-0.019816159187460915,0.0401791641239821,-0.00031176929324932255
122.0,-0.012312143852305339,0.00790517950711388,-0.0028858198114482883,-0.033740279560892365
123.0,-0.010656838352946741,-0.03306373914326724,0.007485879034759523,-0.030719250828947248
124.0,-0.00894657507115881,-0.0074587452876758754,-0.0037039444606580887,0.010553402057548284
125.0,0.008494685195485309,-0.021986829111019787,-0.008997490004608125,0.0035806420990249378
126.0,0.013404940488969428,0.014831163515609001,0.0019992912402688385,-0.003350306960378178
127.0,0.022801264939482684,0.0028684135837897997,-0.014667968066182873,0.013594092097163666
128.0,0.014221472605617971,0.036904556935450555,0.023583712959788526,0.0084677795003377
129.0,0.009532028667520977,-0.05024049074707829,-0.03443016276239033,-0.008013484785056138
130.0,0.024271286355986844,-0.020158278340931694,0.01384945506237407,-0.0014934582821941097
131.0,0.0013049411662561603,-0.03274045960844768,-0.008050045108305487,-0.006192373859681011
132.0,0.011082405339039696,0.02456197536044216,0.004523856264565428,0.008723445723947065
133.0,0.0035112395624982908,-0.03378571485102501,-0.041880097560392696,-0.04826852166415282
134.0,-0.009390842577606189,-0.014780510228900756,0.009842265095048769,-0.01867544836670859
135.0,0.01335540000921949,0.009748566187685957,0.03092515767698318,0.006011419035702632
136.0,-0.019388422389141645,-0.022565462531711777,0.014239975335079686,-0.02292543702097626
137.0,0.013201511858538458,-0.02634112284979626,-0.04915823499816086,-0.015413879060975494
138.0,0.0010533092436198666,-0.0020395683186886773,0.01507633886407763,0.02850884577737904
139.0,0.007458372762940367,0.02639419865985058,0.007055876973351923,0.00257078480997626
140.0,-0.022069213568610174,-0.05413350569677343,0.0573573858187167,-0.011445445621129525
141.0,0.031774662369202275,0.004189365155277441,-0.008049345435385744,0.016429189583623924
142.0,0.015969313928236573,0.038947328732881224,0.00977027390967189,0.0014489256338302502
143.0,0.02304352522247514,-0.028550063099922127,0.022473550578493505,-0.0002758240260217473
144.0,0.011872185174894266,0.009061017512436905,0.013541209430760991,0.010291686036548163
145.0,0.014967741472143645,-0.05911387345273506,-0.007446231093901376,0.0044270462223578826
146.0,-0.008921148080247037,0.03546622515206259,-0.007502093677162482,0.09663756582088986
147.0,0.03976783565763101,-0.13653457825606996,0.02443275867459898,-0.05315245388114698
148.0,0.006554671545476872,-0.03128309838066345,-0.018085855884372375,-0.01382404823533552
149.0,-0.030642039358480262,0.018204684793873327,-0.0015220239765083568,-0.015959907856865678
150.0,0.001602650057226264,-0.11839268025247572,0.02104071592691489,-0.0012073245815595077
151.0,-0.0020304575503805014,-0.0009060085455080049,0.026666677113772796,0.01841991102649607
152.0,0.04548376879867826,-0.017931113540935732,0.04681041784399013,0.01925081473302928
153.0,0.006825269708705506,-0.009553317950621587,0.01671103092112579,0.0005815268473906253
154.0,0.00010151768954621762,0.005630645506830333,-0.0046992054127141065,-0.0148372605405311
155.0,0.0024333379136437915,-0.016987951003809364,0.029997933406870243,-9.185360805297194e-16
156.0,0.006258853462040367,-0.0053655969741393805,0.008099353452426244,0.006404413473266901
158.0,-0.0007920792493340345,0.0123359032808108,0.021407702735355964,0.004176910249624556
159.0,-0.02965488451181322,-0.14301883945841326,0.024741041717148134,-0.004731046273410852
160.0,0.016092650309464825,-0.008337241437829206,0.028690893834132494,0.029970697470546166
161.0,-0.029652180095096514,-0.031178718248451268,-0.06655158255545274,-0.05113287389678909
162.0,-0.05287855992460378,-0.044480844596687996,-0.05204021676272072,-0.06135222494694348
163.0,0.05401556971167725,0.00733092253505062,0.014887006327354667,0.04409400839067121
164.0,0.020653019135071587,-0.037893572945218855,0.008317386400344632,-0.004682947904381634
165.0,-0.03344105013951461,-0.02655641736143202,-0.054052472638577105,-0.00670970259186957
166.0,0.03556387125512117,0.05644994763957642,0.020689054312145783,0.030912884982159064
167.0,-0.03535462245754072,-0.04448218776289392,-0.017555483397074096,0.006007151535370895
168.0,-0.055381564665901925,-0.08924046430564259,-0.041057137720053816,-0.07391123274882312
169.0,0.034664197541029354,0.03088757784803015,0.03573544350930126,0.0302361692461605
170.0,-0.018541007580779246,-0.03459758838900941,-0.020427401173086928,-0.018881518800176456
171.0,0.012327145718241447,0.03645047014942585,-0.009503858649532603,0.040096487331026914
172.0,0.07990216127852819,0.07841349411824561,0.024072748248796683,-0.07806673737130564
173.0,-0.011876979776233903,-0.015982894679410345,0.05158421251874152,0.01022623097907236
174.0,-0.012629619755484729,-0.020025260772825956,-0.007432175529275439,-0.01749596909165969
175.0,0.030836360552836086,0.03624089985201705,0.02845763813639319,0.001666319902328829
176.0,-0.004248388546645323,0.025009752326465885,-0.015407320004013656,-0.000485723216710626
177.0,0.0009896091851665841,-0.02330005794522195,-0.0033670965244655088,-0.0030585315098153984
178.0,-0.028493099285920667,-0.037950594233261185,0.0027266182788303257,-0.011623966746641772
179.0,0.027503490100755826,-0.011176490370439912,0.05691812870042602,0.028468214235418086
180.0,-0.024860943588920516,-0.04242794075586502,0.011433854065591048,-0.004597078321262909
181.0,-0.012357814418439372,-0.02307276101558092,-0.01573015322632048,-0.028884385601820554
182.0,0.007167755447193733,0.041281658973303215,-0.011718685082075648,-0.01110410726117616
183.0,0.005088551586499115,0.018215439891338142,-0.0031825908491620956,0.019352012747181246
184.0,0.019800636852300785,0.0036036075032998462,0.021112319202105274,0.02406913486635477
185.0,-0.0032896406080614904,-0.058513542361035245,0.018997853909997017,0.0031476692199252747
186.0,0.0363747763043427,-0.0038211739273241153,-0.026780387631766794,-0.008369972025216763
187.0,-0.030004694049387423,0.004583659667658344,-0.007741316989412345,0.01734779196758019
188.0,0.007807521006311954,-0.027039113471494604,0.0035725260003290817,-0.021974392769542585
189.0,0.014173542583879647,-0.03749940766607879,-0.0036747859452012617,0.010807939165075463
190.0,0.026341257680854907,0.016929062100446795,0.028927636906179374,-1.2611439670351388e-15
191.0,0.0018889314267815267,0.03302186830494498,-0.0025864227300769716,0.0028033247991733675
192.0,0.0010373934065646762,-0.04104759356724818,0.026732465035292887,-0.006919968691711341
193.0,0.03227582394611908,0.022311682509777442,0.013724903028768809,0.01947229281265981
194.0,0.011884921024292252,-0.041840374726860995,0.012217013122211729,0.019695532674010117
195.0,-0.04039745141429993,-0.07446325933001142,-0.021490798443519633,-0.00039674668245109424
196.0,0.007018229340467365,0.1557061819228992,-0.053391610782264065,-0.014254554291884722
197.0,-0.04024324247215459,-0.07143090601438087,-0.02130696631292776,-0.05679542024358562
198.0,0.035476210030271856,0.021731237462108928,-0.06656582094184518,-0.08665640201163696
199.0,-0.05280834524894861,-0.10571443532175674,-0.04381258070183474,-0.034425044775390254
200.0,0.02391174289326157,-0.19586417289254504,0.04386817795534798,-0.07573073311561823
201.0,0.04331478617591164,-0.07892205847630748,0.03378108705275197,0.06582368096043932
202.0,0.011295404541566953,-0.06620949515996202,-0.049244446324092105,-0.015745787274843534
203.0,-0.0350326184803615,-0.05171915389311027,-0.04776026163696189,-0.036608028538470616
204.0,0.05876483988822118,-0.01718482475410192,0.059547555723718885,0.053082059564397197
205.0,-0.04982065749215375,-0.06471631471968835,-0.036481318230266194,-0.03514909756338528
206.0,-0.009038758458934548,0.011315537992577479,-0.0026657410315447903,0.004597324935893028
207.0,-0.14629986698758268,0.0042105325363453044,-0.0722394253969885,-0.07793224064376274
208.0,0.03295226539460202,0.05185336161025476,0.05950858305041429,0.01787038263771117
209.0,0.03424266798593696,0.09591564646827812,0.02404272907765711,0.04689216814600412
210.0,0.009584086411853144,0.07774875287437909,0.033035101215191626,0.03468846453231384
211.0,0.022673523467119934,0.020045214601229898,0.002449480710338743,0.020943600539307963
212.0,-0.0004961055814396327,0.00878161516038458,0.003053437486889455,0.0771850303855812
213.0,0.022763934299755057,0.10765296794720444,0.02100836938089442,0.0010446203009329882
214.0,0.013777374822245456,-0.03902446155810274,0.001789636856080655,-0.002912732183654565
215.0,0.02718430726371114,-0.008196767204178557,0.041861765864255926,0.032017454268266514
216.0,0.0005585552183952772,0.0020554991820965693,-0.0003637970052831575,0.008942152323776927
217.0,0.01349622999907554,0.08830417546237274,-0.03803626051239115,-0.0007900312832366321
218.0,-0.00857582829745352,-0.06564698798076808,-0.021393524932384615,-0.030197028569057587
219.0,0.049944913977105994,0.039902991990975314,0.005775434771416455,0.03206337036412032
220.0,-0.03624039965078228,0.001002506349623851,0.03439321308988776,0.00021512315883744082
221.0,-0.0015541439339701022,-0.001002506349626689,0.016554494248797527,0.011619334488165094
222.0,0.014802976568078087,0.0035043840619499384,0.05179874360978125,0.015401689869742195
223.0,-0.00018031013391745995,-0.10511622321634888,0.008819746265674423,0.007370357380432082
224.0,0.024756384524363677,0.037407598481251234,0.009082980699119808,-0.028172856284801644
225.0,0.03372855169430587,0.02325686216426677,-0.010310125288013505,-0.006469506971860126
226.0,0.01477256425860996,0.09178921694334231,-0.015592445587850794,0.00600623878475454
227.0,-0.007316798127269616,-0.034427642504241546,-0.02956728319544464,-0.036036339361483795
228.0,0.0050517914964169,-0.014410187243501635,-0.010797511458165949,-0.007343429506268168
229.0,0.003772165921421931,-0.057688496015096805,0.005645781966162942,-0.01515294164837373
230.0,-0.041076517091329555,0.0010598835120408647,-0.019927628652246628,-0.04088498466231816
231.0,0.054292019239783745,0.054624603816336256,0.038401659155350855,0.04841514072607035
232.0,0.007403785054284529,0.02574399598978476,0.04268214350376162,0.014078969191649901
233.0,0.022369033835687595,0.024621084390348803,0.017244298028491735,0.02908686304038885
234.0,-0.010635826631741918,0.00047675805432184984,-0.006323677296042234,-0.008949251413555931
235.0,0.015752154044767874,0.001904762480654661,0.016396935522925038,0.024844664316540338
236.0,0.020051192769839354,-0.014374948057523537,0.031275817991774174,0.009081052163106736
237.0,-0.02476686309989943,-0.031375122567754474,-0.024068494709175436,0.0484897886978355
238.0,0.01613258653939588,0.04479814289989305,0.01800174202693886,0.010360722287098858
239.0,-0.0205486682273879,-0.04929028921111407,-0.022565059992090394,-0.027463212936030927
240.0,0.015094324836876687,-0.08723878926632606,-0.009665573211112347,-0.07903585761477849
241.0,-0.012362082700006959,-0.04180045704697913,-0.030944259735524747,-0.01712357914080171
242.0,-0.056115702696746615,-0.0954809399720834,0.06575316324358356,-0.03190547876799493
243.0,0.020582908353394554,0.03143556225440264,0.0453949326511405,0.04453566152298544
244.0,-0.0001663201667023084,0.05547144694302989,0.01586781331831178,0.03696072882143663
245.0,-0.008938700342003576,0.06929898612927048,0.01160953831423778,0.021816488072758634
246.0,-0.02025922224732072,0.002674513495814,-0.040524572384335156,-0.01253912965135974
247.0,0.01613897256722941,-0.03423317164224056,0.022885301019757952,0.010169460296037828
248.0,-0.03699198862949321,-0.054527987071176245,-0.008652387486949471,-0.001955717603173741
249.0,0.017593728504209826,0.02536158986297729,0.029577976655206437,-0.0021697296351104855
250.0,0.00291670447830613,0.019724505347778927,0.013963161616920957,-0.062373452540147985
251.0,0.012936350617040786,0.0038986404156540946,-0.015540953462541108,0.010091352239552617
252.0,0.0076654547100325175,0.14224815483893938,0.012300278081649022,0.0005166623726391428
253.0,0.01928090976393551,0.1047335110312101,-0.018722357781033892,0.015159017535978633
254.0,-0.006109662333966237,-0.00043431053885814586,0.01931235316246953,-0.02412768751873918
255.0,-0.014262721447899055,0.0017361115471771554,-0.08485358169378787,0.00022333891773511014
256.0,0.009281391097696504,-0.021929953498577903,0.011581380587465545,0.0008184828761536814
257.0,0.003738322110607213,-0.018783634061844787,-0.02888220992965469,-0.008815237123237483
258.0,0.033591940456433815,0.024538371511260777,-0.0018681991328689737,0.006879560521232085
259.0,0.008463124365837581,-0.027252077382856066,0.03305972204968575,0.010600151142830975
260.0,-0.004781647618802333,0.013495481474885428,-0.005169376223786279,-0.0026580051089012333
261.0,-0.005367635492297766,0.061079509467452046,-0.009189384252465304,-0.015523934257355616
262.0,0.021043377849870513,-0.025382073271416495,0.024376037660904976,0.016825723486756018
263.0,0.032698565294181026,0.011501724239010129,0.033589337404951486,0.011930017102489988
264.0,0.027084441867325823,-0.00807999292785114,0.0003880230275689119,0.01621036787597648
265.0,-0.03955829788581147,0.05966972791299382,-0.017304779647296743,0.02216449573244078
266.0,0.014980408544233156,0.03206290880048352,0.040146357355569574,0.06551664387213384
267.0,0.030113980247784375,-0.0003896356955585042,0.031844807030726154,-0.018086054133272956
268.0,-0.006795210429661389,-0.0454442481194775,0.0009789925317904872,-0.005590324688005355
269.0,-0.2042757596502779,-0.12402186949516425,-0.11841519204436941,-0.14180286507260154
270.0,-0.015482879944771044,-0.1426747677927282,0.04763552053733304,-0.017455157889032888
271.0,-0.08343379545366514,-0.1791317614258553,-0.10530703049143857,-0.16808621974381166
272.0,-0.29439530926452334,-0.18794241982984605,-0.3021292984403184,-0.12320228546827272
273.0,0.1789930182764338,0.15820525773408783,0.22514102884967624,0.12218334230197647
274.0,-0.18765225246738043,-0.12420122604191433,-0.0642479928816527,-0.014375305889269097
275.0,0.25315477152644217,0.056332581767249104,0.12030595139572026,0.13201416474345137
276.0,-0.08139749494166064,-0.04085125524797105,0.03890366695164643,-0.010435741551870055
277.0,-0.04913927522749254,-0.08468648969580497,0.013565639897238434,0.03766323518311884
278.0,0.05972620318491376,0.03596947574036867,0.029111366548386038,-0.023362516162614914
279.0,0.013273535714055637,-0.035173614178265485,0.07006308979470029,0.00947564678551054
280.0,-0.08509324703435714,-0.1334177498037868,0.02152526764905214,-0.050010420574661124
281.0,0.08386330334489447,0.15233084311026981,0.009806036943175405,0.012063692305873935
282.0,0.06150612542913398,0.025434897147822322,0.02756770426006928,0.0539961069985007
283.0,0.1434374518949596,0.18117935221517767,0.02563301110816469,0.055174065509741715
284.0,-0.07620660881064398,-0.08822423341483798,-0.05068166631878546,-0.08020676312464697
285.0,-0.0075039846591942495,-0.00835659459094269,0.017457873012051133,0.004828357512368941
286.0,-0.07702447228560022,-0.09762053893750924,-0.023539182476654357,-0.04423284472908412
287.0,0.009587801155156617,0.05110052330261689,0.03068740668285256,0.020941405314912148
288.0,-0.01140919770519122,-0.015504186535965924,0.0063380211364824305,-0.011260623188955408
289.0,0.020590835739288202,0.051479288994242464,0.04039964046609562,0.05611558740421322
290.0,0.0009450307838298356,-0.03013140430936434,0.018756137518092113,0.005020931050100465
291.0,-0.02078547789381556,-0.12472623913871228,0.00015074998144064787,-0.022592109325459023
292.0,0.06150671167036878,0.05458819028440398,0.023574315816210868,0.015971945566049472
293.0,0.01231801665062434,0.03907046148144755,0.03201896066045783,0.002397891005891886
294.0,-0.043845704687322955,-0.05402548243018977,0.009437379346194883,-0.016663698123384488
295.0,0.06423949556865673,0.04724068444671098,0.010817370961692923,0.015225653615757798
296.0,0.029784121073378713,-0.02994465579599363,-0.05921741384435802,-0.022149478775221398
297.0,-0.021819047394637477,-0.07440779526033604,0.023913984049521907,-0.007219063344989726
298.0,0.000677015355419289,0.14729020879594948,-0.004097549020212339,0.010727695723318872
299.0,-0.07184219151474966,-0.12159463841970879,-0.02390171145309621,-0.03144132570431276
300.0,0.054089091622827504,0.04324132417319537,0.03908329506712631,0.013151766712828611
301.0,0.0452173988027244,0.06961963427776147,0.022926073105925582,0.05852165894235999
302.0,-0.013161199301844853,0.0630297080127074,0.006137127847479205,-0.014818589125867532
303.0,-0.038473756205768865,0.046925499023427214,-0.01601435888911613,-0.08204980273044066
304.0,-0.10112140633029941,-0.02856388149130601,-0.059865434287141264,-0.037233205889793744
305.0,0.05801040999664922,0.08768500449910305,0.06339165536752844,0.020456768268467655
306.0,0.17305782230639874,0.13167782397520042,-0.02469613260783022,0.023819930063069646
307.0,-0.020385557887395975,0.05475051477140847,-0.026839886748507673,0.0007700535139869651
308.0,0.0657029561023801,0.06255140468613483,0.02221091855242027,0.06024218569370029
309.0,0.03864506313258737,0.046082436316656705,-0.04371390101815074,0.0237926480959081
310.0,-0.03872819210723743,0.025409715525367024,0.0016269702221083926,-0.023068156214750262
311.0,-0.023296962140361303,-0.03371617768312137,0.023464554967373003,0.013587165546309517
312.0,-0.00426367150553037,-0.017765778152022328,0.0004799616122844706,-0.010453751983507805
313.0,0.03913196698862069,0.0679231171137824,-0.0067962595275378405,0.030572308741333994
314.0,0.003854833561666887,-0.002206045456767721,0.024249731243372066,-0.0007004709007262097
315.0,0.03206074032512906,-0.017825783952598248,0.02973240274637097,-0.07759967541511109
316.0,-0.08061763111551713,-0.040372455290386786,-0.046743037345218695,0.0019333423413721573
317.0,0.08180607953809253,0.0652405218684011,0.027869523024212414,0.0220920869182021
318.0,0.025871934260097346,0.0293884589994982,-0.003846642530039807,-0.008662348435973518
319.0,0.016984571706401663,0.023570114707111095,0.007285287654841757,-0.014606110351358677
320.0,0.025021906221512978,0.04394523193298848,-0.07763494333421476,0.0005883589158988678
321.0,0.08743670824586608,0.07808096109049695,-0.02067443743984476,0.03134949251869088
322.0,0.007564026068845249,-0.0756952740742938,0.07486571973610043,0.03802982642881766
323.0,-0.05468789573149838,0.05033970245260724,0.051856866424409134,0.010450067803284386
324.0,0.020677296217352783,-0.018677882415408548,0.054250130924388074,0.056188199346454935
325.0,0.006521913078008607,0.021694475954833252,0.013342251553794046,-0.023073095966117264
326.0,0.021956355499318805,0.023075084114764707,0.0350465127281542,0.01785230393195799
327.0,0.015040906662394323,-0.015573173462970593,0.029605697372770287,-0.014331041630862698
328.0,-0.03851985917536136,0.012625492625625744,-0.014137220072907363,0.0633879829236324
329.0,0.05988283946699835,-0.030725534269243494,0.0006483582869647956,-0.003868204703760987
330.0,0.03663554114628601,0.011350859668688786,0.04658314495532713,0.024570576582721562
331.0,-0.012084548062730231,-0.0015060243810369536,-0.04806572491554684,-0.005792320704505356
332.0,-0.0009552619736148335,-0.0022632978352568837,-0.024056841689041153,0.0015202822360106958
333.0,0.01974640698751534,0.060091335873655415,0.009516678618213427,-0.006511973133250058
334.0,0.029786817563217896,-0.006421713113647334,-0.024220715169916144,0.023966812397748824
335.0,-0.0025499376332734965,-0.020977261074465917,-0.0013182645833004856,0.026318189569136723
336.0,-0.03968282599000019,-0.06648974126883103,-0.02663781268328847,-0.055511312598183114
337.0,0.06927113763766769,0.027409953857565596,0.03595688801969281,0.02599877498370573
338.0,-0.004732616500100404,0.01615826633071371,0.029306241659706713,-0.04732425479669109
339.0,0.018855737942845487,-0.015071875358661967,-0.002355348657614281,0.009447770506193044
340.0,-0.010529491842636836,-0.047424354715134405,-0.0030142500409492835,-0.01812134912903317
341.0,0.018412219728984634,0.012658396871922125,0.035795064707053945,0.01734333161976062
342.0,-0.015358961529409236,0.019463440416378056,-0.015249455898163886,-0.0033310920627937658
343.0,0.004212256857109083,0.006915125519932119,0.004927017266397469,0.023365385001290755
344.0,-0.03100885767600966,0.004202489470546319,0.007345306205933622,-0.007238842774431928
345.0,-0.03905211361291817,-0.047827989007916655,-0.009076119664667173,-0.028340543572222585
346.0,0.054409910461125255,0.0583519069469462,-0.017443996029566814,0.002297036398703954
347.0,-0.05698052537554307,-0.012240984086362747,0.022204105070735856,0.0006450919479712219
348.0,-0.004215035651375532,-0.026508275567070146,0.004888067182368288,-0.018440700453554296
349.0,0.03347696695309148,-0.016009829057484576,0.010479765352335385,-0.01307688337974821
350.0,0.06827725557949639,0.0341771330129341,0.0057322065510023515,0.016283182125987734
351.0,-0.009152858360273991,0.019166260119182592,-0.022401511749325417,0.04188944932386915
352.0,0.006130243495205616,-0.01120725948240864,0.01258029653123115,-0.0006281188048930849
353.0,0.004445211628160181,-0.002007744830470337,0.04688564063684257,0.009518918496469844
354.0,0.06264958366320425,-0.004700473904649147,0.04388456412491404,-0.18654872084465285
355.0,-0.07477787878228738,0.008235228003012119,0.014775722585311082,0.04138183777876984
356.0,0.017289523716016976,0.03624161786527308,-0.008513449887622218,0.03306942068355927
357.0,0.02844269359113606,-0.010632988164559383,0.011684046627055598,-0.038434550862489716
358.0,-0.04659594925846844,-0.07336461586600791,0.09209554410508893,-0.024341627358622983
359.0,-0.10166131548751589,-0.02378775052008802,-0.017324783657307424,-0.003625068703085238
360.0,-0.005627692796146123,-0.05052799785170252,0.014752482235279966,0.026957189792748262
361.0,0.06858662381996065,0.043537837809927774,0.018928316506020552,0.04356211374036663
362.0,-0.042819997182925174,-0.0582998555803537,-0.06845832306020697,0.026322540782728956
363.0,0.025484981510015492,0.027183207558098464,0.023234938200127293,0.024805550596138825
364.0,-0.0029287957966559262,0.005200882072996337,0.04409146830837102,0.02300865899549707
417.0,0.04279373061358245,0.3768205998751033,-0.010916783729162887,0.03739935608020152
365.0,0.03688344783305545,0.05253446935259816,-0.037455133660517496,-0.009009069942366625
366.0,-0.035576413426450966,0.01710947538923786,-0.056314270315313386,-0.005056900788978506
367.0,-0.05887468439725903,-0.06870902544037079,-0.06347815162843885,-0.03605566829815725
368.0,0.10889958580508935,-0.04491439115914844,0.0491523699630072,0.03888473510464885
369.0,0.047964214785188544,0.07246208572096091,-0.01938112822004521,0.019217909128977827
370.0,0.031891674043432704,-0.022162986511147936,-0.026739636389499753,-0.03306699075205798
371.0,0.015777685491595903,-0.043696271735699295,-0.010275930716662118,-0.06444806842166395
372.0,-0.006332882537269081,0.03893435797545601,-0.09037431431906709,-0.0015287447158008026
373.0,-0.11266984552270647,-0.07837950023813137,0.02368691935761235,0.019456797502577138
374.0,-0.030224418558277455,0.03577025702018564,-0.023497453650339135,-0.021310515542969664
375.0,0.1279072530682454,0.03490087171620076,0.06936959106366988,0.038922805949167215
376.0,-0.001889268470638807,-0.01708541877099096,-0.08849611846448692,0.018983777262829182
377.0,-0.01692553880094823,-0.016138462478895617,-0.02879728865554476,-0.009408414526399672
378.0,-0.01841344973590693,-0.029789086578849138,0.030469476072881776,-0.018225329001918377
379.0,-0.014249939692828993,0.011516016981406443,-0.021237322399521898,-0.010068518943780295
380.0,-0.002874518286661649,-0.01956705007034356,-0.014779327054681293,0.08904504174107497
381.0,-0.033321407844813355,-0.1775502026931027,0.0009654920597519795,-0.044060641346204306
382.0,-0.04363520460316005,0.04765299457669411,-0.0206095815273386,0.03949392687496022
383.0,-0.052848969924170944,-0.041903931345821537,0.006416627310072268,-0.03241451788332636
384.0,-0.035021537004597175,0.0037258858804871866,-0.03058709212076228,-0.03536474233923774
385.0,0.10188165990894756,0.044168758684857964,0.07040478535133876,0.07926492121447473
386.0,-0.016765151008906173,-0.02171066069320801,-0.010793993697682708,0.013377052170829618
387.0,-0.07718408759187102,-0.07901509731782083,-0.053504538076107354,-0.03515966031405318
388.0,-0.06813282343770885,-0.0757418268444605,-0.06668302548608966,-0.008921718164245248
389.0,0.013531167562221363,0.017135546286238715,0.045181331852010106,0.05082658795593824
390.0,-0.040941696633141345,-0.0545144151362669,-0.014093763075861462,-0.005930545481462584
391.0,0.009926343557966368,-0.0048907567708498375,0.026020518014998124,-0.00603716454196755
392.0,0.00541777930301008,-0.00650537796002186,0.01986390955732856,-0.004426681511024059
393.0,0.07252788790496248,0.08202443242206,0.04880646634658698,-0.08587362798433076
394.0,0.0057265725572021135,0.08041490142159453,-0.018958537746504387,0.019305618894153914
395.0,0.02182231516635679,0.0060708449520086565,0.028659948985377662,0.013899133868211379
396.0,0.05147421891236462,0.07211732848020905,0.01661928451053575,0.010578933487271742
397.0,-0.021824811641811014,-0.027788376877133005,0.020929681091179292,0.03194925287192063
398.0,-0.030983545519965086,-0.03149969639597806,-0.07572405189684438,-0.05887773879024416
399.0,-0.0488537389811129,-0.0387162593465671,-0.02057246396708022,-0.020291898238566173
400.0,0.05626422987159645,0.021978906718775768,0.02742581298090706,0.01112635481267386
401.0,-0.0349313203517712,-0.1093291327543976,-0.08515040466215973,-0.01473193953082856
402.0,-0.08663718883990108,-0.02810632543841693,-0.0167548549273334,-0.03678943475083811
403.0,-0.03901835352533058,-0.04111250921749964,0.020231481758735726,-0.03178286222514021
404.0,0.02920768369513522,0.041267415886539906,0.027667635265968285,-0.0004205745109732359
405.0,-0.013256740921086828,0.045865019150568634,-0.027089370766134983,0.010794632243964621
406.0,0.021641182170363756,0.07480521174714208,-0.004526615127559516,0.07833184326990661
407.0,0.07132607361650178,0.07292071394262023,0.08024370596572619,0.06401410321740006
408.0,-0.039095795711586626,0.03443533813761953,-0.04964803857026008,-0.011105982841662029
409.0,0.06797890633578528,0.06255585530777792,0.10395146934889082,0.04447080396364707
410.0,-0.015352890686728205,-0.01001172506950474,-0.006078078824157437,0.03066375264644318
411.0,0.010856029288975472,0.028887246029721578,0.042509739256317,0.004796522149282251
412.0,0.016592554049910502,-0.01298533819755928,0.0031306577801968223,0.0018170800377569681
413.0,-0.0190923524460699,-0.06383249068753957,-0.023105832426367566,-0.010752428192188936
414.0,-0.050397227786102256,-0.33120810008473833,0.008019438726019987,-0.04890575420569715
415.0,0.005250787746759235,0.07013182377407967,-0.013244813966188316,0.011500091247205043
416.0,0.0050880337709367845,0.025955055098414087,-0.009076073900166015,-0.005591549409391317
418.0,0.037216943549976574,0.10869107660498996,0.042685646305030606,0.014988021013142502
419.0,-0.026874767039404827,-0.03205443244091261,-0.05053080864721326,-0.03260931307668676
420.0,0.12797582277991862,0.06913877732644183,0.005668608322975035,-0.04928607293238522
421.0,0.03730607159707445,-0.015376536387303075,0.04570725379397779,0.018357255518369968
422.0,0.0022895444875167857,-0.007839334610554333,-0.045959914629732264,-0.009394564507567545
423.0,-0.01127483546697909,0.021171249442456578,0.004695362117098893,-0.004434269330699497
424.0,-0.017527336536323115,0.0057623208664219034,-0.06981735255430517,-0.03366915656208191
425.0,0.02785348474779713,0.0334306084635269,0.006049828555305618,-0.006918314933724253
426.0,-0.07770052502796297,0.05265263864106277,-0.04149518736514031,-0.032933821671247684
427.0,-0.0571158198669883,-0.008714411774763526,0.007169487432308323,-0.013887439727359036
428.0,0.02086438460410444,0.012441668885254968,-0.018444831249750132,0.0129303492092508
429.0,0.03153358945889206,0.04503675677324545,0.041515526270066126,0.04493735774662044
430.0,-0.03768436514215762,-0.021035604673703474,-0.02210015768243403,-0.00435797165117722
431.0,0.0263434716880024,0.019465334788102296,0.012224038721875979,-0.01840447865795257
432.0,0.004405293467913996,0.04155509399278923,0.026511523505298725,-0.018908622916394856
433.0,-0.015628202162092857,-0.005441916080313983,0.0023635557533540283,0.0053147311076661916
434.0,-0.05500127732984466,0.01275181695254552,-0.03760605731215558,-0.02159220231431476
435.0,-0.0313451048481607,-0.014369940282952364,0.00268928585745486,-0.006976583825824372
436.0,0.033439483518042365,0.053694255925089036,0.0014794683494755833,0.035388831103455747
437.0,0.02810731023749983,-0.014201079114826324,0.006852627377546508,0.01253261762422243
438.0,0.069369974955474,0.0288652154345993,0.010428260743123172,0.027174545196397303
439.0,0.018335120205878956,0.005091468664312281,0.0048542148242271075,0.021515845680043697
440.0,0.003371704159237829,-0.00028218031509120653,0.010470599280798607,0.01649295219384002
441.0,-0.025093133853826586,-0.023895658370703975,0.00089809908409823,-0.060847292916234974
442.0,0.03560010039010823,0.056746171853418716,0.03177363400128932,0.03305646523591311
443.0,-0.02512198173308388,-0.01439533408452086,-0.024980917480425274,-0.012599598764732106
444.0,0.021382154008955552,0.01830212140949484,0.04450057786668346,0.00990498635583704
445.0,-0.01867690653461422,0.0002719978256953727,0.01183743040465048,0.04125961423571192
446.0,-0.027508283686646283,0.03605678347282042,0.03366846065882671,0.030806529209865468
447.0,-0.0010872192421521078,-0.011388492879154988,-0.014286391499071203,0.005494328249483059
448.0,-0.0015119903693931735,0.013659434548634612,0.013350358699776282,-0.007239346665983722
449.0,-0.03029324449657187,-0.024731873525092027,-0.010507233017012348,-0.01180618070260575
450.0,-0.012429538552101518,0.0013405426736054528,-0.01457590381367178,0.02719643248007112
451.0,0.008491418131966674,0.020158051502208278,0.031016621100031283,0.017593362071802603
452.0,-0.014002120913708,-0.022303783215067353,-0.012905744840985146,-0.0017590154051806794
453.0,0.03960173811502704,0.03301210823548668,-0.02332844143565744,-0.011852192417066015
454.0,-0.0672283381401819,-0.03776697297825361,-0.04927136353306759,0.006420348534707103
455.0,-0.026398277968161972,-0.005681577262171741,-0.01171335736316533,-0.04576166646627696
456.0,0.00154078074360596,0.00828609622516933,-0.031604580329740097,0.012113632348042627
457.0,0.012043127691207266,-0.019015422647780965,-0.0030447672382287886,-0.02502536756694104
458.0,-0.06637442053757024,-0.030820224614320754,-0.018954634993738652,-0.009794397592287223
459.0,-0.0016976731813104391,0.0026362881288686975,-0.0352172842657636,0.03812369421297677
460.0,0.0783366923307622,0.024337073342546665,0.0667357112902805,0.03726454790905507
461.0,0.010872856877594634,0.05629133670247254,-0.013832327385596163,0.007611258243946971
462.0,0.0513062451552054,0.040544370975994316,0.0530790672943824,0.025701885059357967
463.0,0.012410368665860408,0.0014982523195568795,0.010903963211652316,0.01435014257632451
464.0,0.05479284459493738,0.018786084319258812,0.028331765069366775,0.03440576493913495
465.0,-0.03190827584268957,-0.015547551283236288,0.020741851242600032,0.008743970628435982
466.0,0.06972103070105463,0.021001592236055033,0.07973626940312586,0.0018197805864029215
467.0,0.027907771910098727,0.028333227807219162,-0.013471957216567293,-0.0003390300690492287
468.0,0.008954243361602188,0.007625523370471698,-0.00632840680664829,0.008472025625515505
